-- phpMyAdmin SQL Dump
-- version 5.0.3
-- https://www.phpmyadmin.net/
--
-- Host: 127.0.0.1
-- Waktu pembuatan: 25 Jan 2022 pada 06.09
-- Versi server: 10.4.14-MariaDB
-- Versi PHP: 7.4.11

SET SQL_MODE = "NO_AUTO_VALUE_ON_ZERO";
START TRANSACTION;
SET time_zone = "+00:00";


/*!40101 SET @OLD_CHARACTER_SET_CLIENT=@@CHARACTER_SET_CLIENT */;
/*!40101 SET @OLD_CHARACTER_SET_RESULTS=@@CHARACTER_SET_RESULTS */;
/*!40101 SET @OLD_COLLATION_CONNECTION=@@COLLATION_CONNECTION */;
/*!40101 SET NAMES utf8mb4 */;

--
-- Database: `db_siakp`
--

-- --------------------------------------------------------

--
-- Struktur dari tabel `tb_admin`
--

CREATE TABLE `tb_admin` (
  `id_admin` int(11) NOT NULL,
  `username` varchar(200) NOT NULL,
  `password` varchar(32) NOT NULL,
  `last_login` datetime DEFAULT NULL
) ENGINE=InnoDB DEFAULT CHARSET=utf8mb4;

--
-- Dumping data untuk tabel `tb_admin`
--

INSERT INTO `tb_admin` (`id_admin`, `username`, `password`, `last_login`) VALUES
(1, 'admin', '21232f297a57a5a743894a0e4a801fc3', '2022-01-25 12:02:03');

-- --------------------------------------------------------

--
-- Struktur dari tabel `tb_jawaban`
--

CREATE TABLE `tb_jawaban` (
  `id_pernyataan` int(11) NOT NULL,
  `id_responden` int(11) NOT NULL,
  `harapan` int(11) NOT NULL,
  `kinerja` int(11) NOT NULL
) ENGINE=InnoDB DEFAULT CHARSET=utf8mb4;

--
-- Dumping data untuk tabel `tb_jawaban`
--

INSERT INTO `tb_jawaban` (`id_pernyataan`, `id_responden`, `harapan`, `kinerja`) VALUES
(28, 15, 2, 2),
(29, 15, 1, 2),
(30, 15, 4, 2),
(31, 15, 3, 3),
(32, 15, 3, 3),
(34, 15, 1, 4),
(33, 15, 4, 4),
(35, 15, 3, 2),
(36, 15, 3, 4),
(37, 15, 1, 2),
(38, 15, 3, 3),
(40, 15, 3, 2),
(39, 15, 2, 2),
(41, 15, 2, 3),
(42, 15, 4, 2),
(43, 15, 2, 1),
(44, 15, 3, 2),
(45, 15, 4, 1),
(46, 15, 2, 2),
(47, 15, 3, 3),
(48, 15, 4, 2),
(49, 15, 2, 2),
(50, 15, 3, 3),
(51, 15, 3, 4),
(52, 15, 4, 1),
(53, 15, 2, 2),
(54, 15, 3, 2),
(55, 15, 3, 2),
(56, 15, 3, 2),
(57, 15, 4, 4),
(28, 16, 3, 3),
(29, 16, 3, 3),
(30, 16, 3, 3),
(31, 16, 3, 3),
(32, 16, 3, 3),
(33, 16, 2, 3),
(34, 16, 3, 3),
(35, 16, 3, 3),
(36, 16, 3, 3),
(37, 16, 3, 3),
(38, 16, 3, 3),
(39, 16, 3, 2),
(40, 16, 3, 3),
(41, 16, 3, 3),
(42, 16, 3, 3),
(43, 16, 3, 3),
(44, 16, 3, 3),
(45, 16, 3, 3),
(46, 16, 3, 3),
(47, 16, 3, 3),
(48, 16, 3, 3),
(49, 16, 3, 3),
(50, 16, 3, 3),
(51, 16, 3, 3),
(52, 16, 3, 3),
(53, 16, 3, 3),
(54, 16, 3, 3),
(55, 16, 3, 3),
(56, 16, 3, 3),
(57, 16, 3, 3),
(28, 17, 3, 2),
(29, 17, 2, 3),
(30, 17, 3, 3),
(31, 17, 3, 3),
(32, 17, 3, 2),
(33, 17, 3, 2),
(34, 17, 3, 2),
(35, 17, 4, 3),
(36, 17, 3, 3),
(37, 17, 4, 2),
(38, 17, 3, 3),
(39, 17, 4, 2),
(40, 17, 3, 3),
(41, 17, 3, 3),
(42, 17, 3, 3),
(43, 17, 4, 2),
(44, 17, 4, 3),
(45, 17, 4, 3),
(46, 17, 4, 2),
(47, 17, 4, 2),
(48, 17, 4, 3),
(49, 17, 3, 3),
(50, 17, 3, 3),
(51, 17, 3, 3),
(52, 17, 3, 3),
(53, 17, 3, 3),
(54, 17, 3, 3),
(55, 17, 3, 3),
(56, 17, 3, 3),
(57, 17, 3, 3),
(28, 18, 3, 3),
(29, 18, 3, 3),
(30, 18, 2, 2),
(31, 18, 2, 2),
(32, 18, 2, 3),
(33, 18, 3, 3),
(34, 18, 3, 3),
(35, 18, 2, 2),
(36, 18, 3, 3),
(37, 18, 2, 3),
(38, 18, 2, 3),
(39, 18, 3, 3),
(40, 18, 3, 2),
(41, 18, 3, 2),
(42, 18, 3, 3),
(43, 18, 3, 3),
(44, 18, 3, 3),
(45, 18, 3, 3),
(46, 18, 3, 3),
(47, 18, 3, 3),
(48, 18, 3, 3),
(49, 18, 3, 2),
(50, 18, 3, 3),
(51, 18, 3, 3),
(52, 18, 3, 3),
(53, 18, 3, 3),
(54, 18, 3, 3),
(55, 18, 3, 3),
(56, 18, 3, 3),
(57, 18, 3, 3),
(28, 19, 1, 3),
(29, 19, 2, 3),
(30, 19, 2, 3),
(31, 19, 3, 2),
(32, 19, 3, 2),
(33, 19, 3, 3),
(34, 19, 1, 0),
(35, 19, 0, 2),
(36, 19, 2, 2),
(37, 19, 2, 2),
(38, 19, 2, 2),
(39, 19, 2, 2),
(41, 19, 1, 1),
(40, 19, 2, 3),
(42, 19, 2, 2),
(43, 19, 1, 3),
(44, 19, 1, 0),
(45, 19, 1, 2),
(46, 19, 0, 0),
(47, 19, 3, 3),
(48, 19, 0, 0),
(49, 19, 0, 2),
(50, 19, 0, 1),
(51, 19, 0, 0),
(52, 19, 2, 1),
(53, 19, 0, 0),
(54, 19, 0, 2),
(55, 19, 1, 0),
(56, 19, 1, 1),
(57, 19, 2, 2),
(28, 20, 0, 3),
(29, 20, 2, 2),
(30, 20, 5, 2),
(31, 20, 2, 3),
(32, 20, 1, 3),
(33, 20, 2, 2),
(34, 20, 0, 3),
(35, 20, 1, 3),
(36, 20, 0, 4),
(37, 20, 1, 3),
(38, 20, 2, 3),
(39, 20, 1, 4),
(40, 20, 1, 3),
(41, 20, 2, 3),
(42, 20, 0, 3),
(43, 20, 2, 2),
(44, 20, 3, 1),
(45, 20, 2, 3),
(46, 20, 2, 3),
(47, 20, 2, 3),
(48, 20, 1, 3),
(49, 20, 1, 4),
(50, 20, 1, 3),
(51, 20, 4, 1),
(52, 20, 0, 4),
(53, 20, 2, 2),
(54, 20, 1, 3),
(55, 20, 1, 3),
(56, 20, 1, 2),
(57, 20, 3, 2),
(31, 21, 4, 1),
(32, 21, 3, 2),
(53, 21, 3, 1),
(28, 21, 1, 3),
(29, 21, 2, 3),
(30, 21, 0, 3),
(33, 21, 2, 3),
(34, 21, 1, 3),
(35, 21, 1, 3),
(36, 21, 0, 2),
(37, 21, 0, 4),
(38, 21, 2, 2),
(39, 21, 1, 3),
(40, 21, 2, 3),
(41, 21, 1, 3),
(42, 21, 0, 4),
(43, 21, 0, 4),
(44, 21, 2, 3),
(45, 21, 2, 3),
(46, 21, 2, 2),
(47, 21, 1, 3),
(48, 21, 0, 4),
(49, 21, 2, 3),
(50, 21, 1, 3),
(51, 21, 3, 1),
(52, 21, 1, 3),
(54, 21, 1, 4),
(55, 21, 0, 4),
(56, 21, 0, 4),
(57, 21, 2, 2),
(28, 22, 1, 3),
(29, 22, 2, 2),
(30, 22, 1, 3),
(31, 22, 3, 1),
(32, 22, 3, 1),
(33, 22, 2, 2),
(34, 22, 1, 3),
(35, 22, 2, 2),
(36, 22, 1, 4),
(37, 22, 1, 4),
(38, 22, 2, 2),
(39, 22, 1, 3),
(40, 22, 1, 4),
(41, 22, 1, 3),
(42, 22, 2, 2),
(43, 22, 2, 2),
(44, 22, 1, 3),
(45, 22, 1, 3),
(46, 22, 1, 3),
(47, 22, 1, 3),
(48, 22, 1, 4),
(49, 22, 1, 3),
(50, 22, 3, 1),
(51, 22, 2, 2),
(52, 22, 3, 1),
(53, 22, 3, 1),
(54, 22, 1, 3),
(55, 22, 1, 3),
(56, 22, 1, 3),
(57, 22, 2, 2),
(28, 23, 2, 2),
(29, 23, 2, 2),
(30, 23, 1, 3),
(31, 23, 3, 1),
(32, 23, 3, 1),
(33, 23, 2, 2),
(34, 23, 2, 2),
(35, 23, 1, 3),
(36, 23, 1, 2),
(37, 23, 1, 3),
(38, 23, 2, 3),
(39, 23, 2, 2),
(40, 23, 2, 2),
(41, 23, 1, 3),
(42, 23, 3, 3),
(43, 23, 1, 3),
(44, 23, 2, 2),
(45, 23, 3, 2),
(46, 23, 1, 2),
(47, 23, 2, 2),
(48, 23, 1, 3),
(49, 23, 1, 3),
(50, 23, 3, 1),
(51, 23, 2, 2),
(52, 23, 2, 2),
(53, 23, 3, 1),
(54, 23, 1, 3),
(55, 23, 2, 3),
(56, 23, 2, 3),
(57, 23, 3, 1),
(28, 24, 3, 1),
(29, 24, 4, 1),
(30, 24, 4, 1),
(31, 24, 3, 3),
(32, 24, 3, 3),
(33, 24, 3, 3),
(34, 24, 2, 2),
(35, 24, 3, 2),
(36, 24, 3, 2),
(37, 24, 2, 2),
(43, 24, 3, 2),
(42, 24, 3, 1),
(41, 24, 3, 2),
(40, 24, 2, 1),
(38, 24, 3, 1),
(39, 24, 3, 2),
(44, 24, 3, 3),
(45, 24, 3, 2),
(47, 24, 2, 2),
(46, 24, 3, 1),
(48, 24, 3, 1),
(49, 24, 3, 1),
(50, 24, 2, 2),
(51, 24, 2, 3),
(52, 24, 3, 2),
(53, 24, 3, 2),
(54, 24, 2, 3),
(55, 24, 3, 2),
(56, 24, 2, 1),
(57, 24, 2, 2),
(28, 25, 1, 3),
(29, 25, 2, 2),
(30, 25, 3, 1),
(31, 25, 3, 1),
(32, 25, 4, 0),
(33, 25, 2, 2),
(34, 25, 1, 3),
(35, 25, 2, 3),
(36, 25, 1, 2),
(37, 25, 2, 2),
(38, 25, 1, 3),
(39, 25, 2, 4),
(40, 25, 2, 3),
(41, 25, 2, 3),
(42, 25, 1, 2),
(43, 25, 1, 2),
(44, 25, 2, 3),
(45, 25, 1, 3),
(46, 25, 2, 3),
(47, 25, 2, 3),
(48, 25, 1, 4),
(49, 25, 2, 2),
(50, 25, 3, 1),
(51, 25, 2, 2),
(52, 25, 2, 2),
(53, 25, 3, 1),
(54, 25, 1, 4),
(55, 25, 1, 2),
(56, 25, 2, 2),
(57, 25, 2, 2),
(28, 27, 1, 3),
(29, 27, 2, 2),
(30, 27, 1, 3),
(31, 27, 3, 1),
(32, 27, 2, 2),
(33, 27, 2, 2),
(34, 27, 1, 3),
(35, 27, 1, 3),
(36, 27, 0, 2),
(37, 27, 1, 3),
(38, 27, 2, 2),
(39, 27, 2, 2),
(40, 27, 2, 3),
(41, 27, 3, 1),
(42, 27, 1, 2),
(43, 27, 1, 2),
(44, 27, 2, 2),
(45, 27, 2, 3),
(46, 27, 2, 3),
(47, 27, 2, 2),
(48, 27, 2, 1),
(49, 27, 1, 3),
(50, 27, 3, 1),
(51, 27, 2, 2),
(52, 27, 3, 1),
(53, 27, 3, 1),
(54, 27, 1, 3),
(55, 27, 2, 2),
(56, 27, 2, 3),
(57, 27, 1, 2),
(28, 28, 3, 1),
(29, 28, 3, 1),
(30, 28, 3, 1),
(31, 28, 3, 3),
(32, 28, 4, 2),
(33, 28, 3, 1),
(34, 28, 3, 1),
(35, 28, 2, 2),
(36, 28, 3, 1),
(37, 28, 3, 2),
(39, 28, 3, 2),
(38, 28, 2, 1),
(40, 28, 4, 2),
(41, 28, 3, 1),
(42, 28, 3, 2),
(43, 28, 2, 2),
(44, 28, 3, 1),
(45, 28, 4, 2),
(46, 28, 3, 2),
(47, 28, 3, 1),
(48, 28, 2, 1),
(49, 28, 3, 1),
(50, 28, 3, 2),
(51, 28, 4, 2),
(52, 28, 3, 1),
(53, 28, 2, 2),
(54, 28, 3, 1),
(55, 28, 3, 2),
(56, 28, 3, 2),
(57, 28, 4, 1),
(28, 29, 3, 1),
(29, 29, 3, 1),
(30, 29, 3, 1),
(31, 29, 3, 3),
(32, 29, 4, 2),
(33, 29, 3, 1),
(34, 29, 3, 1),
(35, 29, 2, 2),
(36, 29, 3, 1),
(37, 29, 3, 2),
(39, 29, 3, 2),
(38, 29, 2, 1),
(40, 29, 4, 2),
(41, 29, 3, 1),
(42, 29, 3, 2),
(43, 29, 2, 2),
(44, 29, 3, 1),
(45, 29, 4, 2),
(46, 29, 3, 2),
(47, 29, 3, 1),
(48, 29, 2, 1),
(49, 29, 3, 1),
(50, 29, 3, 2),
(51, 29, 4, 2),
(52, 29, 3, 1),
(53, 29, 2, 2),
(54, 29, 3, 1),
(55, 29, 3, 2),
(56, 29, 3, 2),
(57, 29, 4, 1),
(28, 30, 2, 2),
(29, 30, 2, 2),
(30, 30, 1, 3),
(31, 30, 3, 1),
(32, 30, 3, 0),
(33, 30, 2, 2),
(34, 30, 2, 2),
(35, 30, 2, 2),
(36, 30, 1, 0),
(37, 30, 2, 2),
(38, 30, 2, 2),
(39, 30, 1, 3),
(40, 30, 1, 3),
(41, 30, 2, 3),
(42, 30, 2, 3),
(43, 30, 2, 2),
(44, 30, 2, 3),
(45, 30, 1, 3),
(46, 30, 2, 2),
(47, 30, 3, 3),
(48, 30, 2, 2),
(49, 30, 3, 3),
(50, 30, 3, 1),
(51, 30, 3, 1),
(52, 30, 2, 1),
(53, 30, 3, 1),
(54, 30, 2, 3),
(55, 30, 2, 3),
(56, 30, 2, 2),
(57, 30, 2, 1),
(28, 31, 2, 2),
(29, 31, 2, 2),
(30, 31, 1, 3),
(31, 31, 3, 1),
(32, 31, 3, 0),
(33, 31, 2, 2),
(34, 31, 2, 2),
(35, 31, 2, 2),
(36, 31, 1, 0),
(37, 31, 2, 2),
(38, 31, 2, 2),
(39, 31, 1, 3),
(40, 31, 1, 3),
(41, 31, 2, 3),
(42, 31, 2, 3),
(43, 31, 2, 2),
(44, 31, 2, 3),
(45, 31, 1, 3),
(46, 31, 2, 2),
(47, 31, 3, 3),
(48, 31, 2, 2),
(49, 31, 3, 3),
(50, 31, 3, 1),
(51, 31, 3, 1),
(52, 31, 2, 1),
(53, 31, 3, 1),
(54, 31, 2, 3),
(55, 31, 2, 3),
(56, 31, 2, 2),
(57, 31, 2, 1),
(28, 32, 3, 0),
(29, 32, 4, 1),
(30, 32, 3, 1),
(31, 32, 4, 0),
(32, 32, 4, 1),
(33, 32, 3, 1),
(34, 32, 4, 0),
(35, 32, 3, 1),
(36, 32, 3, 0),
(37, 32, 4, 1),
(38, 32, 4, 1),
(39, 32, 4, 0),
(40, 32, 3, 1),
(41, 32, 3, 1),
(42, 32, 4, 0),
(43, 32, 3, 1),
(44, 32, 3, 0),
(45, 32, 4, 0),
(46, 32, 3, 1),
(47, 32, 3, 1),
(48, 32, 3, 0),
(49, 32, 4, 0),
(50, 32, 3, 0),
(51, 32, 4, 1),
(52, 32, 4, 1),
(53, 32, 4, 0),
(54, 32, 3, 0),
(55, 32, 4, 1),
(56, 32, 3, 1),
(57, 32, 4, 1),
(28, 33, 2, 2),
(29, 33, 2, 2),
(30, 33, 2, 3),
(31, 33, 3, 1),
(32, 33, 2, 2),
(33, 33, 1, 3),
(34, 33, 2, 0),
(35, 33, 1, 3),
(36, 33, 3, 1),
(37, 33, 2, 3),
(38, 33, 1, 3),
(39, 33, 2, 3),
(40, 33, 3, 4),
(41, 33, 2, 2),
(42, 33, 2, 2),
(43, 33, 2, 2),
(44, 33, 3, 2),
(45, 33, 3, 3),
(46, 33, 3, 3),
(47, 33, 3, 3),
(48, 33, 2, 2),
(49, 33, 2, 2),
(50, 33, 4, 0),
(51, 33, 2, 2),
(52, 33, 3, 1),
(53, 33, 4, 1),
(54, 33, 2, 2),
(55, 33, 2, 3),
(56, 33, 2, 3),
(57, 33, 2, 2),
(28, 34, 4, 1),
(30, 34, 4, 1),
(29, 34, 3, 3),
(31, 34, 3, 2),
(32, 34, 2, 3),
(33, 34, 2, 1),
(34, 34, 4, 0),
(35, 34, 4, 1),
(36, 34, 4, 1),
(37, 34, 4, 1),
(38, 34, 2, 2),
(39, 34, 4, 1),
(40, 34, 4, 0),
(41, 34, 4, 1),
(42, 34, 4, 0),
(43, 34, 4, 1),
(44, 34, 2, 2),
(45, 34, 2, 1),
(46, 34, 3, 0),
(47, 34, 3, 2),
(48, 34, 4, 1),
(49, 34, 4, 0),
(50, 34, 2, 2),
(51, 34, 1, 2),
(52, 34, 1, 2),
(53, 34, 3, 1),
(54, 34, 4, 0),
(55, 34, 4, 2),
(56, 34, 4, 1),
(57, 34, 1, 2),
(28, 35, 2, 2),
(29, 35, 2, 2),
(30, 35, 2, 2),
(31, 35, 2, 2),
(32, 35, 3, 1),
(33, 35, 2, 2),
(34, 35, 2, 3),
(35, 35, 2, 3),
(36, 35, 2, 2),
(37, 35, 2, 3),
(38, 35, 1, 3),
(39, 35, 1, 3),
(40, 35, 2, 1),
(41, 35, 2, 3),
(42, 35, 2, 3),
(43, 35, 2, 3),
(44, 35, 2, 2),
(45, 35, 2, 2),
(46, 35, 1, 3),
(47, 35, 1, 4),
(48, 35, 2, 2),
(49, 35, 1, 3),
(50, 35, 3, 1),
(51, 35, 2, 2),
(52, 35, 2, 3),
(53, 35, 2, 3),
(54, 35, 2, 2),
(55, 35, 3, 1),
(56, 35, 2, 2),
(57, 35, 2, 1),
(31, 36, 0, 4),
(28, 36, 2, 1),
(29, 36, 3, 2),
(30, 36, 2, 2),
(32, 36, 2, 3),
(33, 36, 2, 2),
(34, 36, 1, 3),
(35, 36, 2, 2),
(36, 36, 1, 1),
(37, 36, 2, 2),
(38, 36, 2, 1),
(39, 36, 2, 1),
(41, 36, 2, 1),
(40, 36, 3, 2),
(42, 36, 2, 1),
(43, 36, 3, 2),
(44, 36, 2, 1),
(45, 36, 2, 1),
(46, 36, 3, 1),
(47, 36, 2, 2),
(48, 36, 2, 2),
(49, 36, 3, 1),
(50, 36, 3, 2),
(51, 36, 2, 1),
(52, 36, 2, 2),
(53, 36, 3, 2),
(54, 36, 2, 1),
(55, 36, 3, 2),
(56, 36, 3, 2),
(57, 36, 2, 2),
(32, 37, 0, 4),
(31, 37, 0, 4),
(53, 37, 0, 4),
(50, 37, 0, 4),
(51, 37, 0, 4),
(57, 37, 0, 4),
(44, 37, 0, 4),
(29, 37, 0, 4),
(28, 37, 3, 2),
(30, 37, 2, 3),
(33, 37, 2, 2),
(34, 37, 2, 3),
(35, 37, 3, 2),
(36, 37, 2, 2),
(37, 37, 3, 3),
(38, 37, 2, 2),
(39, 37, 1, 2),
(40, 37, 2, 3),
(41, 37, 1, 2),
(42, 37, 3, 2),
(43, 37, 1, 2),
(45, 37, 2, 2),
(46, 37, 1, 1),
(47, 37, 3, 2),
(48, 37, 2, 1),
(49, 37, 2, 2),
(52, 37, 2, 2),
(54, 37, 1, 2),
(55, 37, 3, 2),
(56, 37, 2, 2),
(30, 38, 0, 4),
(34, 38, 0, 4),
(35, 38, 0, 4),
(37, 38, 0, 4),
(38, 38, 0, 4),
(39, 38, 0, 4),
(40, 38, 0, 4),
(43, 38, 0, 4),
(54, 38, 0, 4),
(56, 38, 0, 4),
(28, 38, 3, 3),
(29, 38, 2, 2),
(31, 38, 2, 2),
(32, 38, 3, 3),
(33, 38, 2, 2),
(36, 38, 3, 3),
(41, 38, 2, 2),
(42, 38, 3, 2),
(44, 38, 2, 1),
(45, 38, 3, 1),
(46, 38, 2, 1),
(47, 38, 2, 1),
(48, 38, 3, 2),
(49, 38, 2, 2),
(50, 38, 3, 1),
(51, 38, 2, 2),
(52, 38, 2, 1),
(53, 38, 3, 2),
(55, 38, 2, 2),
(57, 38, 3, 2),
(28, 39, 1, 1),
(29, 39, 2, 2),
(30, 39, 1, 3),
(31, 39, 1, 3),
(32, 39, 1, 3),
(33, 39, 2, 2),
(34, 39, 1, 3),
(35, 39, 1, 2),
(36, 39, 1, 3),
(37, 39, 2, 2),
(38, 39, 1, 3),
(39, 39, 1, 3),
(40, 39, 2, 1),
(41, 39, 2, 1),
(42, 39, 1, 3),
(43, 39, 1, 3),
(44, 39, 1, 3),
(45, 39, 3, 1),
(46, 39, 2, 2),
(47, 39, 1, 3),
(48, 39, 2, 2),
(49, 39, 2, 2),
(50, 39, 2, 2),
(51, 39, 2, 2),
(52, 39, 2, 3),
(53, 39, 0, 3),
(54, 39, 1, 3),
(55, 39, 1, 2),
(56, 39, 1, 3),
(57, 39, 2, 3),
(28, 40, 3, 3),
(29, 40, 4, 4),
(30, 40, 3, 3),
(31, 40, 2, 2),
(32, 40, 3, 3),
(33, 40, 2, 2),
(34, 40, 2, 2),
(35, 40, 3, 3),
(36, 40, 4, 3),
(37, 40, 3, 3),
(38, 40, 3, 4),
(39, 40, 4, 2),
(40, 40, 3, 3),
(41, 40, 4, 4),
(42, 40, 4, 4),
(43, 40, 4, 4),
(44, 40, 4, 4),
(45, 40, 2, 2),
(46, 40, 3, 3),
(47, 40, 3, 3),
(48, 40, 2, 2),
(49, 40, 2, 3),
(50, 40, 3, 3),
(51, 40, 3, 3),
(52, 40, 3, 3),
(53, 40, 3, 4),
(54, 40, 2, 3),
(55, 40, 4, 4),
(56, 40, 4, 4),
(57, 40, 4, 4),
(30, 41, 4, 0),
(28, 41, 2, 2),
(29, 41, 3, 3),
(31, 41, 0, 4),
(32, 41, 0, 4),
(33, 41, 2, 2),
(34, 41, 3, 3),
(35, 41, 3, 3),
(36, 41, 2, 2),
(37, 41, 3, 3),
(38, 41, 2, 3),
(39, 41, 2, 2),
(40, 41, 3, 2),
(41, 41, 2, 3),
(42, 41, 3, 3),
(43, 41, 3, 2),
(44, 41, 2, 2),
(45, 41, 2, 3),
(46, 41, 3, 2),
(47, 41, 3, 3),
(48, 41, 2, 2),
(49, 41, 1, 2),
(50, 41, 3, 3),
(51, 41, 2, 3),
(52, 41, 2, 2),
(54, 41, 2, 2),
(53, 41, 1, 3),
(56, 41, 2, 2),
(55, 41, 3, 3),
(57, 41, 2, 3),
(28, 42, 3, 3),
(29, 42, 3, 3),
(30, 42, 3, 3),
(31, 42, 4, 4),
(32, 42, 4, 4),
(33, 42, 4, 4),
(34, 42, 2, 4),
(35, 42, 4, 4),
(36, 42, 4, 4),
(37, 42, 3, 4),
(38, 42, 3, 4),
(39, 42, 2, 3),
(40, 42, 3, 3),
(41, 42, 4, 2),
(42, 42, 3, 3),
(43, 42, 2, 3),
(44, 42, 3, 2),
(45, 42, 3, 3),
(46, 42, 3, 4),
(47, 42, 2, 4),
(48, 42, 4, 3),
(49, 42, 3, 2),
(50, 42, 4, 3),
(52, 42, 3, 4),
(51, 42, 3, 3),
(53, 42, 3, 3),
(54, 42, 3, 3),
(55, 42, 3, 3),
(57, 42, 4, 4),
(56, 42, 3, 3),
(32, 43, 1, 3),
(31, 43, 1, 3),
(28, 43, 1, 3),
(29, 43, 2, 3),
(30, 43, 3, 3),
(33, 43, 2, 2),
(34, 43, 1, 3),
(35, 43, 2, 3),
(36, 43, 1, 3),
(37, 43, 3, 2),
(38, 43, 2, 3),
(39, 43, 2, 3),
(40, 43, 2, 3),
(41, 43, 2, 3),
(42, 43, 1, 3),
(43, 43, 2, 2),
(44, 43, 2, 4),
(45, 43, 1, 3),
(46, 43, 2, 2),
(47, 43, 2, 3),
(48, 43, 1, 3),
(49, 43, 1, 3),
(50, 43, 2, 1),
(51, 43, 1, 3),
(52, 43, 0, 4),
(53, 43, 1, 3),
(54, 43, 1, 3),
(55, 43, 1, 2),
(56, 43, 1, 2),
(57, 43, 2, 1),
(28, 44, 4, 4),
(29, 44, 4, 4),
(30, 44, 4, 4),
(31, 44, 4, 4),
(32, 44, 4, 4),
(33, 44, 4, 4),
(34, 44, 4, 4),
(35, 44, 4, 4),
(36, 44, 4, 4),
(37, 44, 4, 4),
(38, 44, 4, 4),
(39, 44, 4, 4),
(40, 44, 4, 4),
(41, 44, 4, 4),
(42, 44, 4, 4),
(43, 44, 4, 4),
(44, 44, 4, 4),
(45, 44, 4, 4),
(46, 44, 4, 4),
(47, 44, 4, 4),
(48, 44, 4, 4),
(49, 44, 4, 4),
(51, 44, 4, 4),
(50, 44, 4, 4),
(52, 44, 4, 4),
(53, 44, 4, 4),
(54, 44, 4, 4),
(55, 44, 4, 4),
(56, 44, 4, 4),
(57, 44, 4, 4),
(28, 45, 3, 2),
(29, 45, 2, 2),
(30, 45, 2, 2),
(31, 45, 2, 2),
(32, 45, 2, 2),
(33, 45, 2, 3),
(34, 45, 3, 2),
(35, 45, 3, 2),
(36, 45, 2, 2),
(37, 45, 2, 3),
(38, 45, 2, 2),
(39, 45, 2, 4),
(40, 45, 2, 4),
(41, 45, 3, 4),
(42, 45, 3, 4),
(44, 45, 4, 3),
(43, 45, 3, 2),
(45, 45, 2, 2),
(47, 45, 2, 2),
(46, 45, 2, 3),
(49, 45, 2, 4),
(48, 45, 3, 3),
(50, 45, 4, 2),
(51, 45, 4, 2),
(52, 45, 2, 2),
(53, 45, 3, 2),
(54, 45, 2, 4),
(56, 45, 2, 3),
(55, 45, 3, 3),
(57, 45, 4, 2),
(28, 46, 3, 2),
(29, 46, 3, 2),
(30, 46, 3, 4),
(31, 46, 3, 4),
(32, 46, 3, 2),
(33, 46, 3, 2),
(34, 46, 3, 3),
(35, 46, 3, 3),
(36, 46, 3, 2),
(37, 46, 3, 2),
(38, 46, 3, 2),
(39, 46, 3, 4),
(40, 46, 3, 4),
(41, 46, 3, 3),
(42, 46, 3, 3),
(43, 46, 2, 3),
(44, 46, 2, 3),
(45, 46, 2, 3),
(46, 46, 2, 3),
(47, 46, 2, 3),
(48, 46, 2, 2),
(49, 46, 4, 2),
(50, 46, 4, 2),
(51, 46, 3, 4),
(52, 46, 3, 3),
(53, 46, 3, 2),
(54, 46, 3, 2),
(56, 46, 3, 3),
(57, 46, 3, 3),
(55, 46, 3, 2),
(28, 47, 0, 4),
(29, 47, 1, 3),
(30, 47, 0, 3),
(31, 47, 1, 3),
(32, 47, 1, 3),
(33, 47, 1, 3),
(34, 47, 2, 2),
(35, 47, 2, 2),
(36, 47, 1, 4),
(37, 47, 0, 4),
(38, 47, 1, 3),
(39, 47, 1, 3),
(40, 47, 1, 3),
(41, 47, 1, 3),
(42, 47, 1, 3),
(43, 47, 1, 3),
(44, 47, 0, 4),
(45, 47, 3, 1),
(46, 47, 2, 2),
(47, 47, 3, 1),
(48, 47, 3, 1),
(49, 47, 2, 2),
(50, 47, 2, 2),
(51, 47, 2, 2),
(52, 47, 1, 3),
(53, 47, 2, 2),
(54, 47, 2, 3),
(55, 47, 2, 3),
(56, 47, 2, 3),
(57, 47, 2, 3),
(50, 48, 0, 4),
(28, 48, 1, 1),
(29, 48, 2, 2),
(30, 48, 1, 1),
(32, 48, 1, 2),
(31, 48, 2, 2),
(33, 48, 2, 1),
(34, 48, 2, 2),
(35, 48, 1, 1),
(36, 48, 2, 2),
(37, 48, 2, 1),
(38, 48, 1, 1),
(39, 48, 2, 2),
(40, 48, 2, 1),
(41, 48, 1, 2),
(42, 48, 2, 1),
(43, 48, 2, 1),
(44, 48, 1, 2),
(45, 48, 2, 1),
(46, 48, 1, 2),
(47, 48, 2, 1),
(49, 48, 2, 2),
(48, 48, 1, 1),
(51, 48, 2, 1),
(52, 48, 2, 2),
(53, 48, 1, 1),
(54, 48, 2, 1),
(55, 48, 1, 2),
(56, 48, 2, 1),
(57, 48, 2, 1),
(50, 49, 2, 4),
(28, 49, 2, 2),
(29, 49, 1, 3),
(30, 49, 2, 2),
(31, 49, 1, 3),
(32, 49, 2, 2),
(33, 49, 2, 2),
(34, 49, 2, 2),
(35, 49, 2, 2),
(36, 49, 3, 2),
(37, 49, 2, 2),
(38, 49, 2, 2),
(39, 49, 3, 3),
(40, 49, 2, 2),
(41, 49, 2, 2),
(42, 49, 2, 2),
(43, 49, 2, 2),
(44, 49, 2, 2),
(45, 49, 2, 2),
(46, 49, 2, 2),
(47, 49, 2, 2),
(48, 49, 2, 2),
(49, 49, 2, 2),
(51, 49, 2, 2),
(52, 49, 2, 2),
(53, 49, 2, 2),
(54, 49, 2, 2),
(55, 49, 2, 2),
(56, 49, 3, 2),
(57, 49, 2, 2),
(28, 50, 4, 0),
(29, 50, 3, 0),
(30, 50, 4, 2),
(31, 50, 2, 2),
(32, 50, 1, 3),
(33, 50, 2, 3),
(34, 50, 1, 2),
(35, 50, 1, 3),
(36, 50, 3, 2),
(37, 50, 2, 3),
(38, 50, 3, 1),
(39, 50, 2, 2),
(40, 50, 3, 1),
(41, 50, 3, 2),
(42, 50, 2, 1),
(43, 50, 3, 2),
(44, 50, 3, 1),
(45, 50, 2, 2),
(46, 50, 3, 1),
(47, 50, 3, 1),
(48, 50, 3, 2),
(49, 50, 2, 1),
(50, 50, 3, 2),
(51, 50, 3, 2),
(52, 50, 3, 1),
(53, 50, 2, 1),
(55, 50, 3, 1),
(54, 50, 2, 2),
(56, 50, 3, 2),
(57, 50, 3, 2),
(28, 51, 3, 4),
(29, 51, 3, 4),
(30, 51, 3, 4),
(31, 51, 3, 4),
(32, 51, 4, 4),
(33, 51, 4, 4),
(34, 51, 4, 4),
(35, 51, 4, 4),
(36, 51, 4, 4),
(37, 51, 4, 4),
(38, 51, 4, 4),
(39, 51, 4, 4),
(40, 51, 4, 4),
(41, 51, 4, 4),
(42, 51, 4, 4),
(43, 51, 4, 4),
(44, 51, 4, 4),
(45, 51, 4, 4),
(46, 51, 4, 4),
(47, 51, 4, 4),
(48, 51, 4, 4),
(49, 51, 4, 4),
(50, 51, 4, 4),
(51, 51, 4, 4),
(52, 51, 4, 4),
(53, 51, 4, 4),
(54, 51, 4, 4),
(55, 51, 4, 4),
(56, 51, 4, 4),
(57, 51, 4, 4),
(28, 52, 2, 3),
(29, 52, 2, 4),
(30, 52, 2, 4),
(31, 52, 2, 2),
(32, 52, 2, 3),
(33, 52, 3, 3),
(34, 52, 2, 2),
(36, 52, 2, 3),
(35, 52, 2, 3),
(37, 52, 2, 3),
(38, 52, 2, 2),
(39, 52, 2, 2),
(40, 52, 2, 2),
(41, 52, 2, 4),
(43, 52, 2, 2),
(42, 52, 2, 2),
(44, 52, 2, 2),
(45, 52, 2, 3),
(46, 52, 2, 3),
(48, 52, 2, 4),
(47, 52, 2, 2),
(49, 52, 2, 2),
(50, 52, 2, 2),
(51, 52, 2, 2),
(52, 52, 2, 3),
(53, 52, 2, 2),
(54, 52, 2, 2),
(55, 52, 2, 2),
(56, 52, 2, 3),
(57, 52, 2, 3),
(50, 53, 0, 4),
(57, 53, 0, 4),
(53, 53, 0, 4),
(28, 53, 2, 2),
(29, 53, 3, 2),
(30, 53, 2, 1),
(31, 53, 3, 1),
(32, 53, 3, 1),
(33, 53, 2, 2),
(34, 53, 3, 2),
(35, 53, 2, 0),
(36, 53, 2, 1),
(37, 53, 3, 1),
(38, 53, 3, 1),
(39, 53, 2, 2),
(40, 53, 3, 0),
(41, 53, 2, 1),
(42, 53, 3, 1),
(43, 53, 2, 2),
(44, 53, 3, 1),
(45, 53, 3, 1),
(46, 53, 2, 2),
(48, 53, 2, 1),
(47, 53, 3, 0),
(49, 53, 3, 1),
(51, 53, 2, 0),
(52, 53, 3, 1),
(54, 53, 2, 0),
(55, 53, 2, 1),
(56, 53, 3, 0),
(50, 54, 0, 4),
(51, 54, 0, 4),
(53, 54, 0, 4),
(28, 54, 2, 1),
(29, 54, 3, 1),
(30, 54, 2, 2),
(31, 54, 3, 1),
(32, 54, 2, 0),
(33, 54, 3, 1),
(34, 54, 3, 2),
(36, 54, 3, 1),
(35, 54, 2, 1),
(37, 54, 3, 0),
(38, 54, 2, 1),
(39, 54, 3, 2),
(40, 54, 3, 1),
(41, 54, 2, 2),
(42, 54, 2, 1),
(43, 54, 3, 1),
(44, 54, 2, 2),
(45, 54, 3, 1),
(46, 54, 2, 1),
(48, 54, 2, 1),
(47, 54, 3, 2),
(49, 54, 3, 2),
(52, 54, 2, 1),
(54, 54, 3, 2),
(55, 54, 2, 1),
(56, 54, 3, 2),
(57, 54, 3, 1),
(28, 55, 3, 2),
(29, 55, 3, 2),
(30, 55, 3, 3),
(31, 55, 3, 3),
(33, 55, 3, 4),
(32, 55, 3, 3),
(34, 55, 3, 4),
(35, 55, 3, 3),
(36, 55, 3, 3),
(37, 55, 3, 3),
(39, 55, 3, 2),
(38, 55, 3, 2),
(40, 55, 3, 2),
(41, 55, 3, 3),
(42, 55, 3, 3),
(43, 55, 3, 3),
(44, 55, 3, 2),
(45, 55, 3, 2),
(46, 55, 3, 2),
(47, 55, 3, 3),
(48, 55, 3, 3),
(49, 55, 3, 4),
(50, 55, 3, 4),
(51, 55, 3, 4),
(52, 55, 3, 4),
(53, 55, 3, 3),
(54, 55, 3, 3),
(55, 55, 3, 2),
(56, 55, 3, 2),
(57, 55, 3, 3),
(28, 56, 0, 2),
(29, 56, 1, 2),
(30, 56, 1, 2),
(31, 56, 1, 2),
(32, 56, 2, 2),
(33, 56, 2, 2),
(34, 56, 1, 3),
(35, 56, 2, 2),
(36, 56, 1, 3),
(37, 56, 2, 2),
(38, 56, 1, 3),
(39, 56, 2, 2),
(40, 56, 1, 3),
(41, 56, 2, 2),
(42, 56, 1, 3),
(43, 56, 2, 2),
(44, 56, 1, 3),
(45, 56, 2, 2),
(46, 56, 1, 3),
(47, 56, 2, 2),
(48, 56, 1, 3),
(49, 56, 2, 2),
(50, 56, 1, 3),
(51, 56, 2, 2),
(52, 56, 1, 3),
(53, 56, 2, 2),
(54, 56, 1, 3),
(55, 56, 2, 2),
(56, 56, 1, 3),
(57, 56, 2, 2),
(28, 57, 4, 4),
(29, 57, 4, 4),
(30, 57, 4, 4),
(31, 57, 4, 4),
(32, 57, 4, 4),
(33, 57, 4, 4),
(34, 57, 4, 4),
(35, 57, 4, 4),
(36, 57, 4, 4),
(37, 57, 4, 4),
(38, 57, 4, 4),
(39, 57, 4, 4),
(40, 57, 4, 4),
(41, 57, 4, 4),
(42, 57, 4, 4),
(43, 57, 4, 4),
(44, 57, 4, 4),
(45, 57, 4, 4),
(46, 57, 4, 4),
(47, 57, 4, 4),
(48, 57, 4, 4),
(49, 57, 4, 4),
(50, 57, 4, 4),
(51, 57, 4, 4),
(52, 57, 4, 4),
(53, 57, 4, 4),
(54, 57, 4, 4),
(55, 57, 4, 4),
(56, 57, 4, 4),
(57, 57, 4, 4),
(53, 58, 0, 4),
(28, 58, 2, 1),
(29, 58, 2, 2),
(30, 58, 3, 1),
(31, 58, 2, 2),
(32, 58, 3, 1),
(33, 58, 3, 2),
(34, 58, 2, 1),
(35, 58, 3, 2),
(36, 58, 2, 1),
(37, 58, 3, 1),
(38, 58, 3, 2),
(39, 58, 2, 1),
(40, 58, 2, 2),
(41, 58, 3, 1),
(42, 58, 2, 2),
(43, 58, 3, 1),
(44, 58, 2, 2),
(45, 58, 3, 1),
(46, 58, 3, 2),
(47, 58, 2, 1),
(48, 58, 2, 1),
(49, 58, 3, 2),
(50, 58, 2, 1),
(51, 58, 3, 1),
(52, 58, 2, 2),
(54, 58, 3, 1),
(55, 58, 2, 2),
(56, 58, 3, 1),
(57, 58, 2, 2),
(28, 59, 3, 2),
(29, 59, 3, 3),
(30, 59, 3, 4),
(31, 59, 3, 3),
(32, 59, 3, 3),
(33, 59, 3, 2),
(34, 59, 3, 4),
(35, 59, 3, 2),
(36, 59, 3, 2),
(37, 59, 3, 3),
(38, 59, 3, 2),
(39, 59, 3, 4),
(40, 59, 3, 2),
(41, 59, 3, 2),
(42, 59, 3, 3),
(43, 59, 3, 1),
(44, 59, 3, 2),
(45, 59, 3, 2),
(46, 59, 3, 2),
(47, 59, 3, 2),
(48, 59, 3, 4),
(49, 59, 3, 2),
(50, 59, 3, 2),
(51, 59, 3, 2),
(52, 59, 3, 2),
(53, 59, 3, 2),
(54, 59, 3, 3),
(55, 59, 3, 3),
(56, 59, 3, 3),
(57, 59, 3, 3),
(37, 60, 4, 0),
(28, 60, 2, 1),
(29, 60, 3, 2),
(30, 60, 2, 1),
(31, 60, 3, 2),
(32, 60, 2, 2),
(33, 60, 2, 1),
(34, 60, 3, 1),
(35, 60, 3, 2),
(36, 60, 2, 2),
(38, 60, 3, 1),
(39, 60, 2, 2),
(40, 60, 3, 1),
(41, 60, 3, 2),
(42, 60, 2, 1),
(43, 60, 3, 1),
(44, 60, 2, 2),
(45, 60, 3, 1),
(46, 60, 2, 2),
(47, 60, 3, 1),
(48, 60, 2, 2),
(49, 60, 3, 1),
(50, 60, 3, 1),
(51, 60, 2, 2),
(52, 60, 3, 1),
(53, 60, 2, 2),
(54, 60, 3, 1),
(55, 60, 2, 2),
(56, 60, 2, 1),
(57, 60, 3, 2),
(37, 61, 4, 0),
(28, 61, 2, 1),
(29, 61, 3, 2),
(30, 61, 2, 1),
(31, 61, 3, 2),
(32, 61, 2, 2),
(33, 61, 2, 1),
(34, 61, 3, 1),
(35, 61, 3, 2),
(36, 61, 2, 2),
(38, 61, 3, 1),
(39, 61, 2, 2),
(40, 61, 3, 1),
(41, 61, 3, 2),
(42, 61, 2, 1),
(43, 61, 3, 1),
(44, 61, 2, 2),
(45, 61, 3, 1),
(46, 61, 2, 2),
(47, 61, 3, 1),
(48, 61, 2, 2),
(49, 61, 3, 1),
(50, 61, 3, 1),
(51, 61, 2, 2),
(52, 61, 3, 1),
(53, 61, 2, 2),
(54, 61, 3, 1),
(55, 61, 2, 2),
(56, 61, 2, 1),
(57, 61, 3, 2),
(57, 62, 0, 4),
(47, 62, 0, 4),
(45, 62, 0, 4),
(54, 62, 4, 0),
(44, 62, 4, 0),
(28, 62, 1, 3),
(29, 62, 3, 1),
(30, 62, 3, 2),
(31, 62, 2, 1),
(32, 62, 3, 2),
(33, 62, 2, 2),
(34, 62, 3, 1),
(35, 62, 2, 1),
(36, 62, 3, 2),
(37, 62, 2, 1),
(38, 62, 3, 2),
(39, 62, 2, 2),
(40, 62, 3, 1),
(41, 62, 2, 2),
(42, 62, 3, 1),
(43, 62, 2, 1),
(46, 62, 3, 1),
(49, 62, 3, 2),
(48, 62, 2, 2),
(50, 62, 3, 1),
(51, 62, 2, 2),
(52, 62, 2, 1),
(53, 62, 3, 1),
(55, 62, 3, 2),
(56, 62, 2, 1),
(39, 63, 2, 0),
(28, 63, 2, 0),
(29, 63, 3, 1),
(30, 63, 2, 0),
(31, 63, 3, 1),
(32, 63, 2, 0),
(33, 63, 3, 1),
(34, 63, 2, 0),
(35, 63, 3, 1),
(36, 63, 3, 0),
(37, 63, 2, 1),
(38, 63, 3, 1),
(40, 63, 3, 1),
(41, 63, 2, 1),
(42, 63, 3, 2),
(43, 63, 3, 1),
(44, 63, 2, 1),
(46, 63, 3, 1),
(45, 63, 2, 0),
(48, 63, 2, 1),
(47, 63, 2, 1),
(50, 63, 3, 1),
(49, 63, 3, 1),
(51, 63, 2, 1),
(52, 63, 3, 1),
(53, 63, 2, 0),
(54, 63, 3, 1),
(55, 63, 3, 0),
(56, 63, 2, 1),
(57, 63, 3, 1),
(39, 64, 4, 0),
(30, 64, 4, 0),
(34, 64, 4, 0),
(35, 64, 4, 0),
(54, 64, 4, 0),
(32, 64, 0, 3),
(28, 64, 4, 3),
(29, 64, 3, 4),
(31, 64, 3, 3),
(33, 64, 1, 4),
(36, 64, 2, 2),
(37, 64, 3, 2),
(38, 64, 2, 1),
(40, 64, 3, 3),
(41, 64, 2, 2),
(42, 64, 3, 3),
(43, 64, 2, 2),
(44, 64, 3, 4),
(45, 64, 2, 3),
(46, 64, 1, 2),
(47, 64, 2, 2),
(48, 64, 3, 3),
(49, 64, 2, 3),
(50, 64, 0, 4),
(51, 64, 2, 1),
(52, 64, 3, 4),
(53, 64, 2, 3),
(55, 64, 3, 3),
(56, 64, 0, 0),
(57, 64, 2, 2),
(39, 65, 4, 0),
(46, 65, 4, 3),
(47, 65, 4, 4),
(28, 65, 2, 2),
(29, 65, 3, 3),
(30, 65, 5, 2),
(31, 65, 3, 3),
(32, 65, 2, 2),
(33, 65, 3, 2),
(34, 65, 2, 2),
(35, 65, 3, 3),
(37, 65, 2, 2),
(38, 65, 3, 3),
(36, 65, 3, 3),
(40, 65, 3, 2),
(41, 65, 2, 2),
(42, 65, 1, 1),
(43, 65, 2, 2),
(44, 65, 2, 2),
(45, 65, 2, 2),
(48, 65, 2, 2),
(49, 65, 3, 2),
(50, 65, 2, 3),
(51, 65, 2, 3),
(52, 65, 3, 2),
(54, 65, 2, 2),
(53, 65, 2, 1),
(55, 65, 3, 2),
(57, 65, 2, 2),
(56, 65, 3, 1);

-- --------------------------------------------------------

--
-- Struktur dari tabel `tb_kuesioner`
--

CREATE TABLE `tb_kuesioner` (
  `id_kuesioner` int(11) NOT NULL,
  `id_admin` int(11) NOT NULL,
  `judul` varchar(200) NOT NULL,
  `deskripsi` varchar(200) DEFAULT NULL,
  `scale` enum('4','5') NOT NULL,
  `start_date` date NOT NULL,
  `end_date` date NOT NULL,
  `passcode` varchar(32) NOT NULL,
  `publish` tinyint(1) NOT NULL
) ENGINE=InnoDB DEFAULT CHARSET=utf8mb4;

--
-- Dumping data untuk tabel `tb_kuesioner`
--

INSERT INTO `tb_kuesioner` (`id_kuesioner`, `id_admin`, `judul`, `deskripsi`, `scale`, `start_date`, `end_date`, `passcode`, `publish`) VALUES
(7, 1, 'Analisis Kepuasan Pelanggan', 'Kuesioner ini digunakan untuk mengukur kualitas pelayanan pada Toko Qanaah Karpet', '5', '2021-12-01', '2022-01-31', '', 1);

-- --------------------------------------------------------

--
-- Struktur dari tabel `tb_pernyataan`
--

CREATE TABLE `tb_pernyataan` (
  `id_pernyataan` int(11) NOT NULL,
  `id_kuesioner` int(11) NOT NULL,
  `pernyataan` varchar(200) NOT NULL
) ENGINE=InnoDB DEFAULT CHARSET=utf8mb4;

--
-- Dumping data untuk tabel `tb_pernyataan`
--

INSERT INTO `tb_pernyataan` (`id_pernyataan`, `id_kuesioner`, `pernyataan`) VALUES
(28, 7, 'Lokasi toko mudah dijangkau'),
(29, 7, 'Kebersihan toko'),
(30, 7, 'Karyawan berpenampilan rapi'),
(31, 7, 'Area parkir yang luas'),
(32, 7, 'Parkiran yang tertata rapi'),
(33, 7, 'Toilet yang bersih'),
(34, 7, 'Ketersediaan kursi tempat istirahat'),
(35, 7, 'Kerapian meja kasir'),
(36, 7, 'Terdapat label harga pada produk'),
(37, 7, 'Penataan barang yang rapi'),
(38, 7, 'Ruang tunggu yang nyaman'),
(39, 7, 'Pelayanan yang diberikan'),
(40, 7, 'Kesesuaian barang yang diinginkan'),
(41, 7, 'Kemudahan dalam bertransaksi'),
(42, 7, 'Keberagaman produk yang ditawarkan'),
(43, 7, 'Kelengkapan produk yang ditawarkan'),
(44, 7, 'Kemampuan pelayan dalam menyelesaikan kebutuhan pelanggan'),
(45, 7, 'Kecepatan pelayan dalam menanggapi kebutuhan '),
(46, 7, 'Ketepatan pelayan dalam memberikan informasi'),
(47, 7, 'Kecekatan karyawan dalam melayani'),
(48, 7, 'Teliti dan tepat dalam pengembalian uang kembalian pada pelanggan'),
(49, 7, 'Jaminan kualitas produk'),
(50, 7, 'Kontak telpon yang mudah dihubungi'),
(51, 7, 'Kenyamanan saat berada di lingkungan toko'),
(52, 7, 'Jaminan keamanan pengiriman barang sampai tujuan'),
(53, 7, 'Keamanan tempat parkir'),
(54, 7, 'Keramahan dan kesopanan karyawan'),
(55, 7, 'Komunikasi yang baik antara pelayan dan pelanggan'),
(56, 7, 'Kemampuan karyawan dalam menjelaskan '),
(57, 7, 'Perlakuan khusus bagi pelanggan khusus');

-- --------------------------------------------------------

--
-- Struktur dari tabel `tb_responden`
--

CREATE TABLE `tb_responden` (
  `id_responden` int(11) NOT NULL,
  `nama` varchar(200) DEFAULT NULL,
  `usia` int(11) NOT NULL,
  `jenis_kelamin` enum('L','P') NOT NULL
) ENGINE=InnoDB DEFAULT CHARSET=utf8mb4;

--
-- Dumping data untuk tabel `tb_responden`
--

INSERT INTO `tb_responden` (`id_responden`, `nama`, `usia`, `jenis_kelamin`) VALUES
(15, 'Dadang Rosikin', 29, 'L'),
(16, 'Athifa Putri ', 21, 'P'),
(17, 'Dino', 19, 'L'),
(18, 'Indah', 19, 'P'),
(19, 'Rukmini', 38, 'L'),
(20, 'Jhon Handri', 40, 'L'),
(21, 'Susanti', 28, 'P'),
(22, 'Fajar', 27, 'L'),
(23, 'Sonia', 25, 'P'),
(24, 'Reynaldi Widyatmo', 27, 'L'),
(25, 'rini', 25, 'P'),
(27, 'Yuli', 21, 'P'),
(28, 'd', 28, 'L'),
(29, 'd', 28, 'L'),
(30, 'Antoni Putra', 42, 'L'),
(31, 'Antoni Putra', 42, 'L'),
(32, 'adwadw', 37, 'L'),
(33, 'Ardi Rosadi', 21, 'L'),
(34, 'acz', 24, 'L'),
(35, 'Taufik', 22, 'L'),
(36, 'awdaw', 37, 'L'),
(37, 'awd', 43, 'L'),
(38, 'yvubhi', 26, 'P'),
(39, 'Rahmi', 20, 'P'),
(40, 'Ibnu Sabil', 24, 'L'),
(41, 'awdawd', 35, 'L'),
(42, 'Munir', 57, 'L'),
(43, 'Qobri', 41, 'L'),
(44, 'Risma', 71, 'P'),
(45, 'Deanita', 31, 'P'),
(46, 'Bobby', 42, 'L'),
(47, 'Zul', 38, 'L'),
(48, 'awdawd', 38, 'L'),
(49, 'Bary', 39, 'L'),
(50, 'wdawd', 43, 'L'),
(51, 'Ibnu Jamil', 36, 'L'),
(52, 'Pizza Hut', 54, 'L'),
(53, 'awdawd', 34, 'L'),
(54, 'awdawd', 24, 'L'),
(55, 'Ahmad', 34, 'L'),
(56, 'Yudha', 23, 'L'),
(57, 'Hanie', 42, 'P'),
(58, 'awdawd', 34, 'L'),
(59, 'Rizki', 24, 'L'),
(60, 'awdawd', 33, 'L'),
(61, 'awdawd', 33, 'L'),
(62, 'efsefad', 24, 'L'),
(63, 'efsf', 28, 'L'),
(64, 'sefsef', 40, 'L'),
(65, 'hhtth', 37, 'L');

--
-- Indexes for dumped tables
--

--
-- Indeks untuk tabel `tb_admin`
--
ALTER TABLE `tb_admin`
  ADD PRIMARY KEY (`id_admin`);

--
-- Indeks untuk tabel `tb_jawaban`
--
ALTER TABLE `tb_jawaban`
  ADD KEY `id_pernyataan` (`id_pernyataan`,`id_responden`),
  ADD KEY `id_responden` (`id_responden`);

--
-- Indeks untuk tabel `tb_kuesioner`
--
ALTER TABLE `tb_kuesioner`
  ADD PRIMARY KEY (`id_kuesioner`),
  ADD KEY `id_admin` (`id_admin`);

--
-- Indeks untuk tabel `tb_pernyataan`
--
ALTER TABLE `tb_pernyataan`
  ADD PRIMARY KEY (`id_pernyataan`),
  ADD KEY `id_kuesioner` (`id_kuesioner`);

--
-- Indeks untuk tabel `tb_responden`
--
ALTER TABLE `tb_responden`
  ADD PRIMARY KEY (`id_responden`);

--
-- AUTO_INCREMENT untuk tabel yang dibuang
--

--
-- AUTO_INCREMENT untuk tabel `tb_admin`
--
ALTER TABLE `tb_admin`
  MODIFY `id_admin` int(11) NOT NULL AUTO_INCREMENT, AUTO_INCREMENT=2;

--
-- AUTO_INCREMENT untuk tabel `tb_kuesioner`
--
ALTER TABLE `tb_kuesioner`
  MODIFY `id_kuesioner` int(11) NOT NULL AUTO_INCREMENT, AUTO_INCREMENT=8;

--
-- AUTO_INCREMENT untuk tabel `tb_pernyataan`
--
ALTER TABLE `tb_pernyataan`
  MODIFY `id_pernyataan` int(11) NOT NULL AUTO_INCREMENT, AUTO_INCREMENT=58;

--
-- AUTO_INCREMENT untuk tabel `tb_responden`
--
ALTER TABLE `tb_responden`
  MODIFY `id_responden` int(11) NOT NULL AUTO_INCREMENT, AUTO_INCREMENT=66;

--
-- Ketidakleluasaan untuk tabel pelimpahan (Dumped Tables)
--

--
-- Ketidakleluasaan untuk tabel `tb_jawaban`
--
ALTER TABLE `tb_jawaban`
  ADD CONSTRAINT `tb_jawaban_ibfk_1` FOREIGN KEY (`id_pernyataan`) REFERENCES `tb_pernyataan` (`id_pernyataan`),
  ADD CONSTRAINT `tb_jawaban_ibfk_2` FOREIGN KEY (`id_responden`) REFERENCES `tb_responden` (`id_responden`);

--
-- Ketidakleluasaan untuk tabel `tb_kuesioner`
--
ALTER TABLE `tb_kuesioner`
  ADD CONSTRAINT `tb_kuesioner_ibfk_1` FOREIGN KEY (`id_admin`) REFERENCES `tb_admin` (`id_admin`);

--
-- Ketidakleluasaan untuk tabel `tb_pernyataan`
--
ALTER TABLE `tb_pernyataan`
  ADD CONSTRAINT `tb_pernyataan_ibfk_1` FOREIGN KEY (`id_kuesioner`) REFERENCES `tb_kuesioner` (`id_kuesioner`);
COMMIT;

/*!40101 SET CHARACTER_SET_CLIENT=@OLD_CHARACTER_SET_CLIENT */;
/*!40101 SET CHARACTER_SET_RESULTS=@OLD_CHARACTER_SET_RESULTS */;
/*!40101 SET COLLATION_CONNECTION=@OLD_COLLATION_CONNECTION */;
